id;counter;trs_id;user_id;message;status;applicant_name
1;78889;73868;99677;Gorgeous Frozen Car;67480;Credit Card Account Auto Loan Account Soft
2;18092;48137;75293;Bedfordshire;21275;driver
3;5226;68147;57384;purple;92392;pink
4;8982;30327;29767;Ball Rufiyaa Global;47090;Home Loan Account programming innovate
5;70449;11552;99826;French Polynesia Uruguay Games;74019;Squares Metrics copying
6;29071;93410;1791;program Trace;76813;Bedfordshire
7;92976;47860;61523;hacking index Handcrafted Metal Chair;51478;invoice salmon
8;32247;17664;42965;impactful;89591;Chile cross-platform
9;71400;95590;63653;Paradigm Steel morph;47350;Architect whiteboard transmit
10;3807;46064;99249;compress;90311;Berkshire
