id;system_id;center_id;system_services_id;counter;trs_id;user_id;message;status;feedback;applicant_name
1;57910;7650;41514;12995;88604;57795;Health;38105;Lari hard drive;Response Chicken bandwidth-monitored
2;74816;99235;33698;18063;57405;73259;Ergonomic;51905;Missouri support Orchestrator;Berkshire
3;99901;30096;79988;89892;91386;40927;District SMS Small Fresh Pizza;70767;bi-directional;payment
4;99319;56093;33777;61403;72734;6168;Regional synthesize;65032;bluetooth;Savings Account Bike
5;11081;51121;32608;61775;61255;17029;EXE;64393;Guinea Franc;backing up back-end
6;38903;9245;43011;47316;17734;56725;Latvia;62603;New Mexico asymmetric;circuit e-markets
7;66454;90179;31991;96780;24477;94658;Checking Account Liaison;47533;feed;disintermediate sensor robust
8;90488;55720;99760;27148;17921;13908;Oklahoma;90612;envisioneer Tools;Hungary
9;63597;11996;57684;53353;47065;23797;Devolved;84422;sky blue help-desk Home Loan Account;Singapore Djibouti Franc withdrawal
10;58788;43435;57240;30817;56733;76321;Savings Account back up Manager;45195;matrix silver;online transmitter
